id,replyCount,likeCount,publishedAt,authorName,text,isReply,isReplyTo,isReplyToName
29c16b768cce7b68f41bf51a185fa4e41d9df355,0,0,"2025-11-29 05:14:43",b344254199d04f9c9a0641adde2d2b1d02234bd8,"I'm a man I have a question if I ejaculate inside of Girlfriend's vagina. When to use Contraceptive?",0,,
759cea96ea324e215911af6659cf1cb52f163af6,0,0,"2025-11-29 05:13:44",b344254199d04f9c9a0641adde2d2b1d02234bd8,"I'm a man if I have a girlfriend I prefer let her use a contraceptive because I'm avoiding poverty.",0,,
20ffadce7902bb43cb0912ca35d25c26dba5b4d6,0,0,"2025-11-26 05:54:06",4ab701728da3875f614ecbb8d4a7b528253d9f77,"Cute video",0,,
13f0277138dfe9fba1ccc2a7ad08c7845cfc2008,0,0,"2025-10-12 07:11:45",f9833589bafa9cf136982b726d4788e204e0d2a9,"anyone having to be put on birth control I stopped taking birth control when I was 13 lol the pills I took weren't healthy enough lol",0,,
4c9ba6e7007f08b3c33118caeef20548217b5273,0,1,"2025-09-21 02:26:26",e3bd58c074d8967b23f0ea152fb7fda27b992542,"This is very helpful information for everyone.",0,,
c41bf49fb8799de8f3ed1e97f570ed39d1e1bde3,0,1,"2025-09-11 00:31:37",d44aa50147fdb4faaca849966b52a3a61757fc41,"I love these shows they're awesome üëçüëç‚ù§‚ù§‚ù§‚ù§üéâüéâüéâ",0,,
b414167a07e6124030ee5e29de7bae0cd60b5861,0,0,"2025-09-08 09:23:59",be0d9f15bac9698e751ab43a40e9225542c6439f,"Nothing rn",0,,
6d94b37fe9f33f2c47405a8f4c89349d9ff2abd4,0,0,"2025-09-07 04:00:22",2dabdbb20e2fd924b3a1eba23f882f66494bd575,"Can PCOS drink birth control pills for make period come because I want to get pregnant?",0,,
dbdb6a8d450a0a909b628ec92cc8284ae912437d,0,0,"2025-07-11 20:56:27",be4de334f67f2cf55c66482e4fa834f8fa30101d,"This is very important information.",0,,
ab5ca2724601a02b1274ddd1cb17b963ce8b7a4f,1,0,"2025-06-25 14:21:03",8ec28cbdb83891539093876424cbfd9f29fef1fb,"wouldnt it be better to teach kids to wait until they can be responsible enough to take care of another life? and teach both men and women to wait until they are at least college age instead of sharing this at the kiddie pool so that they can see how to experiment and be an adult? ironically sometimes the oppostie happens the more you do it too. like if you want to deny safe places and create a conforming culture you teach kids to have sex and just treat life like it is a mistake or something you can delete with a pill. yea some people need it because they are like dogs and are no different in evolution but what if its important to get involved with your child and show them how to save it till marriage. how is teaching your younger generations how to respect sex instead of treating it like a pill you can take to erase. shouldnt sex or procreation be something special and not a slot machine?",0,,
645636c3d1046890c4b0a2b2e33a72f2a4c712d4,,1,"2025-11-27 13:12:09",0cf8ed15f5dd714d9c8343f291414aaa6a088499,"Moralism, religions and purity culture is patriarchal garbage and should be erased from every culture. Free live is the future.",1,ab5ca2724601a02b1274ddd1cb17b963ce8b7a4f,8ec28cbdb83891539093876424cbfd9f29fef1fb
f3e70f7ec2543e439d0e3c980181847b2814fd34,0,0,"2025-06-19 15:38:19",c7a7f99e55654930b3e59819b3671adba589c39e,"this was brillian!!! i love it !!!",0,,
08fb7fc9ffcddfd370feb21ada6d3bfc0e5de2c7,0,0,"2025-06-12 19:15:21",28f401bfc4a46bcc273d15265ad1ed901472e6b3,"Great video üì∏‚ú®üåπüåøüè•‚ù§ü©∫üíäüíäüíäüíâüíâüíâü§íü§íü§íüß∏üß∏üß∏üå°Ô∏èüå°Ô∏èüå°Ô∏èüåçüåéüåèüåÖüåäü´¶ü´¶ü´¶üî•üî•üî• Thank you very much üëèüëèüëè",0,,
12b83db6ebee199b7ee8444c1733edc3b2828b01,0,0,"2025-03-28 22:50:32",13c2247a58603ad531160230248a3a42720b8c63,"Its too much funnyü§£ü§£",0,,
ee3c3b508c0266db2f63c9856377456353470ec9,2,0,"2025-03-27 17:07:50",066b6bb7855eb2432f2a9809664790ec466d0334,"if you don't want baby here's an advice for you keep your legs close im saying this as a men",0,,
d3bdfcc8a5e83463e4b71e3dfe07888be190ceac,,0,"2025-09-26 20:15:06",37c99a8965db7f071b0a740612f9c6f981e7504c,*man,1,ee3c3b508c0266db2f63c9856377456353470ec9,066b6bb7855eb2432f2a9809664790ec466d0334
f6bbd3d8a210b0bc0a971a4083002ebd3ca6cf17,,0,"2025-09-26 20:48:46",066b6bb7855eb2432f2a9809664790ec466d0334,"@blavatka._.ua608 you can also say men",1,ee3c3b508c0266db2f63c9856377456353470ec9,066b6bb7855eb2432f2a9809664790ec466d0334
93a83ad741c76d32fe6e05f09f452200c1945a9c,0,0,"2025-03-08 20:40:33",62c25b6ebd997358b0d447f8c9e40a92fc98f146,"STD SIT HIV",0,,
9e9562eb9207777777a39a7092b5368468bae0b5,0,0,"2025-03-03 00:24:27",b9a9aa3445a1adc36d0252b677a204b3a177f86e,Wow,0,,
165b2d0dba2768628a57efa0e83b0259cc64bbb1,0,2,"2025-01-05 00:08:58",b4d0c92800eba3e11412afe44eeab401bfa19073,"I take the pill everyday since September 2024 for 3 or more months but I chew it because it's easier for me to swallow it but he didn't ejaculate inside me and the condom broke will I get pregnant I pray I won't",0,,
2014f50482be9f508cf59b4d87d522a1a92d4d33,0,0,"2024-12-14 18:42:16",01edaeda604cf009aca08f555d0e70eee089c0ff,"Sperm coming Egg not Pregnant do sex",0,,
ec71241e414ba9fd3ebc1380b3def32b2e20ee5a,0,26,"2024-11-20 02:48:32",76ac809dcbf82b9b8fa9f38368dc6f5ce97b65d1,"I'm younger going on birth controls for my period thank you for explaining and making it sound not as scary",0,,
0387c9da3fdcd67d1b49f68ea92f66f7cdd027f4,0,0,"2024-11-16 23:45:59",8cfa4dd9924d58853bd032ab6fe39e169c46f7dc,"whuda sigma?",0,,
334abec135f79bbb66810d2f84d0b1d9f13ab86e,0,0,"2024-11-16 23:17:14",adec45f876b71c4ccbaf76d7cc4ffb201ad98517,"Obviously Birth Control Pills Are Right For Me.",0,,
87e5eea6b9f1883f23ae337e7e6875e1788bd86d,1,0,"2024-11-12 05:07:04",fc2ae46569dd41f96d580b8a8ed471aa6df52fbd,"They have side effects.Condoms are better option.üò¢üò¢üò¢ Pills for women but not for men only women are not responsible for pregnancy.",0,,
7c85aa9b5d2325ffc9c66aed369aae9a669696e5,,4,"2024-12-21 04:29:49",42eeb5d0c444f8a2d57f5fe0f650273d41ec9005,"It depends on the type of birth control you have.",1,87e5eea6b9f1883f23ae337e7e6875e1788bd86d,fc2ae46569dd41f96d580b8a8ed471aa6df52fbd
bf31eb32ab9729761e1911be5884eac73f5b075c,1,0,"2024-11-08 11:58:56",b75abcb14dab9ab8c6849379805e36816659bd34,"Is it ipil can change ovulation date üôèüòí",0,,
9b98f307800e9cae93843e11cd4d84538f2fee0b,,0,"2024-11-11 16:57:57",014d31a1544bfaa7aff1f50d525dc171d116b61c,Ys,1,bf31eb32ab9729761e1911be5884eac73f5b075c,b75abcb14dab9ab8c6849379805e36816659bd34
6dc00b430fda5c7754faeaf421650cb671e20fc4,0,0,"2024-11-02 01:49:38",b8271e36ea13a9883a5fb52ffd929d4636ce8f9c,"This isn't very accurate.",0,,
bbaaca31bf45ba6585d8b4b96e113742b32f8bc0,0,1,"2024-10-15 16:32:23",5a617e76cbb4efd030e0bb97950be19ae84426e9,"This is dope üòÇ‚ù§‚ù§‚ù§‚ù§",0,,
0635df6e52570ee82dfaee6aebb5fdc195d3e11a,0,5,"2024-09-05 02:49:08",42eeb5d0c444f8a2d57f5fe0f650273d41ec9005,"I love this video! I got on birth control today!",0,,
c4a5dbc2434bc198056ecbffd97f603955aff586,1,6,"2024-09-01 19:33:31",5fa7da090928dd06afa5fe8d189f28b9dab5e780,"You can actually take them earlier in the day there‚Äôs no problem but if you take them later in between when you took it the day before versus when you took it later in the day, you actually can get pregnant in that period of time but if you take it earlier in the day it‚Äôs not a problem",0,,
002defbc06a63cd0c290ddefa94bfd6e1bf9ff37,,1,"2024-10-05 16:17:31",d8d0575a836aea694b6721c7db456a7e17ecd41c,"They should be taken roughly 24 hours apart, but you are still safe from pregnancy if you take them a little late (depending on the brand of drugs you have). Most pills have a placebo time period where you don't take any hormones, but you are still protected in that time due to regular consumption of the hormonal pills",1,c4a5dbc2434bc198056ecbffd97f603955aff586,5fa7da090928dd06afa5fe8d189f28b9dab5e780
70b518557ed3773bfb0228c831553ab690ed0a9e,1,0,"2024-08-19 16:35:26",308cfe501ad408754e74a80ee8710bd8446c8ce2,"Is it really truth that regular birth control pills are only working these days when my wife take it..and drink it... what about another days i mean if we intimate today and she drink this pill and after that we didn't do anything for 3 or 4 days so she have to drink this pill or not?am confused please tell me someone it's for my dear wife's safety üò¢",0,,
75c3fe14f86e569b36bb32112560b641db54d53d,,1,"2024-10-05 16:22:46",d8d0575a836aea694b6721c7db456a7e17ecd41c,"Yes, the pill only works if she takes it every day. If she stops taking it, then she is not protected. When she starts the pill again after not having them, she is not protected for at least 7 days, so it is best and safest to continue to take them daily, even when not having sex.",1,70b518557ed3773bfb0228c831553ab690ed0a9e,308cfe501ad408754e74a80ee8710bd8446c8ce2
a64b1867ee5c2ff7d10834a0778f1ee04cc66fdd,0,0,"2024-08-19 00:13:32",6b49fd54e6334abb843f23034fed4ee4a2bef6e4,"This video is Trouma",0,,
1981224f1a0526d1a006f8b37e14099b3c280ee1,0,5,"2024-08-11 17:23:58",92bf0be88cf63a8911de2ef846fb227255f1d604,"I love this video personaly ‚ù§Ô∏è‚ù§Ô∏è‚ù§Ô∏è‚ù§Ô∏èüôå‚ú®",0,,
b0db47399c221a4ce5a974e35ee34c9e8e713776,0,0,"2024-08-09 13:48:37",f16c40172fd069585ca075ee6ca63c216e70cc8e,"This is not as easypeasy as they ar mentioning... ü§®üòï",0,,
4a1a137c558ad10270bc6c6e6f77022e08728ccc,4,1,"2024-07-17 01:02:04",30e9d90180a0d06c1d5c12f3a0da94667fd3af93,"Can these pills make a woman infertile permanently?",0,,
3b287308ef1c1b209462eef12a83edae61515946,,4,"2024-07-22 17:30:31",8b2c2de743604c2669bbceb4d71e10f21a8c89ab,No,1,4a1a137c558ad10270bc6c6e6f77022e08728ccc,30e9d90180a0d06c1d5c12f3a0da94667fd3af93
e02ea6f6dfb26ef015c9056047f73bbd182c3040,,0,"2024-08-18 00:09:01",b9a5fca3076c5ea69528ca763b9c2afa9eb770c8,"Yes its pretty sure",1,4a1a137c558ad10270bc6c6e6f77022e08728ccc,30e9d90180a0d06c1d5c12f3a0da94667fd3af93
f7e3bdbc96f323c86c6e7ac99fbef82d472a012e,,0,"2024-09-05 20:15:18",7c345e1cee1d02b5f634858949aaf833264f8522,Yes,1,4a1a137c558ad10270bc6c6e6f77022e08728ccc,30e9d90180a0d06c1d5c12f3a0da94667fd3af93
d2c12e705395c48eefb1589548daaf9279acc50e,,2,"2024-10-05 16:25:21",d8d0575a836aea694b6721c7db456a7e17ecd41c,"Don't listen to whoever is saying yes. Birth control does NOT make a woman infertile. If that was the case, there would be a significant number of infertile women and there just isn't. Many women even get pregnant while taking the pill because no method is 100%.",1,4a1a137c558ad10270bc6c6e6f77022e08728ccc,30e9d90180a0d06c1d5c12f3a0da94667fd3af93
32060e83a0c9ac6515a397ee4b5f032147524b62,0,2,"2024-07-02 23:23:48",46c4d042a5e2e1baacf3084a805674c2f36b4265,"I‚Äôm 23 and just switched to pills from the skyla. Thank you for thisü´∂üèº",0,,
85b85825d6fa23bb8efa42dc91f64772595a0141,1,0,"2024-06-21 05:07:20",93c2ae9ea160650000853f4d4248e96ee45c4c14,"Don't forget about the cancer!",0,,
ddb61465c3854e750dc0265c29ceaee6557e8049,,5,"2024-07-21 13:51:19",ab504b20fcf69819eba246336872dcf145f318a8,"It slightly increases your risk for breast, and it decreases your risk of uterine, ovarian, and endometrial cancer",1,85b85825d6fa23bb8efa42dc91f64772595a0141,93c2ae9ea160650000853f4d4248e96ee45c4c14
056c4dc0c7b777e894219c792d575bd9a8cf9389,0,0,"2024-06-12 05:39:24",c3246ca1c0ebf460bc9c094dc6c6800e35a20c2f,"Still no birth control for males yikes",0,,
10643c1aee243d7ff5765da5e28efdce21744711,0,0,"2024-06-06 19:43:19",5a2355bf61d4e69f35409259e9503994c53469ec,"you do gain weight",0,,
d40d9970045bba6ec9a2f2f46e3418ca606fefbd,2,2,"2024-05-23 17:52:12",70433d9097a85d6333a05a22cd3568d546be6ef9,"Can 18 year old take ipill? Is there any future health issues?",0,,
fd8dbe0aa372a6b8af34005db4340d83fd4b72cc,,3,"2024-05-30 20:43:04",8b2c2de743604c2669bbceb4d71e10f21a8c89ab,"Anyone can take Opill but it is always recommended to talk to a health professional before doing so",1,d40d9970045bba6ec9a2f2f46e3418ca606fefbd,70433d9097a85d6333a05a22cd3568d546be6ef9
9b275867534a2df9f84fc2ec7df15ff97993300e,,0,"2025-10-12 07:13:59",f9833589bafa9cf136982b726d4788e204e0d2a9,"And can a 7 year old start their period?",1,d40d9970045bba6ec9a2f2f46e3418ca606fefbd,70433d9097a85d6333a05a22cd3568d546be6ef9
2bb17818fc8616612cc47781c6b492cbea445c6a,0,0,"2024-05-20 10:49:35",2d759e549ae89bb119aa98c6cf31c62530e7b152,"this video made me laugh so hard ü§£ü§£ü§£ü§£ü§£ü§£",0,,
46c0317e02fff4ede6c70c70b6939dd4d16e4755,1,31,"2024-05-16 00:58:03",c4fd4264a41e6a3c4ec478377b372368147377f3,"Don‚Äôt forget increased breast cancer risk",0,,
4505989f39782cace549ebc322fa30c804153198,,1,"2025-05-12 02:02:41",dc467fffc581bca2ce80531efdcf999468cf0d74,"By how much",1,46c0317e02fff4ede6c70c70b6939dd4d16e4755,c4fd4264a41e6a3c4ec478377b372368147377f3
c08d210714ed596c571eea56d3bdab1cc914001e,0,0,"2024-04-27 14:42:45",00369b954b30da8a30c8f6f0c0eb37f137d3e925,"Last month I took birth control pill before 18 days of my periods and i got my periods on 15th itself the last month ( 3 days prior) but this month, my periods had to begin on 18th but today is 27th and i haven't got my periods yet, what am I supposed to do ?? I'm nt pregnant right ?? I'm damn tensed !",0,,
edfabb7d61ddaf5c59dd7dceaa6befe619a66e9c,0,0,"2024-04-19 14:56:01",2f95b1422c0727e5367036a372b6e57410bb43d4,"Imagine being a sperm cell and watching as waves of mucus come firing down and you close your eye‚Äôs as your doom is ‚Äúcoming‚Äù",0,,
c25b3b628f73179aee60c429c5bc6223584a4f5c,0,2,"2024-04-18 17:15:49",57a2548671c7c0e9f09980620aae35b568dea430,"GIRL i love my birth control lmao üòÇ",0,,
8d6a5dc36eb005df4be11020e9b23096f5ea5b45,1,0,"2024-04-13 22:40:11",426d32c0ae30d1e8cf1c434602d09d916e541e3b,"Do we need to take contraception after sex or need to take it daily even we are not sexually active?",0,,
cf629b5724c3a02517866b2fa436071501e47419,,0,"2024-08-12 03:11:48",c4fd4264a41e6a3c4ec478377b372368147377f3,"The pills have to be taken daily, some of them at the same time each day.",1,8d6a5dc36eb005df4be11020e9b23096f5ea5b45,426d32c0ae30d1e8cf1c434602d09d916e541e3b
cee956b50d0aced2b9eb6decd5d998be26fff809,2,4,"2024-03-26 13:08:22",7a9d6047cc36d3b17b9229b10c4d1d8612295535,"Keep your legs closed üîêüîê",0,,
59c2936dd80d9f1ffbd4828238f1c34dfb5ac077,,2,"2024-10-05 16:23:52",d8d0575a836aea694b6721c7db456a7e17ecd41c,no,1,cee956b50d0aced2b9eb6decd5d998be26fff809,7a9d6047cc36d3b17b9229b10c4d1d8612295535
bfe8955d95699e7addad4666d2d99e7a6bd09c66,,0,"2025-03-27 17:09:07",066b6bb7855eb2432f2a9809664790ec466d0334,"@keeleymellett9339 *yes",1,cee956b50d0aced2b9eb6decd5d998be26fff809,7a9d6047cc36d3b17b9229b10c4d1d8612295535
5ba2dfe544759ff63edfe4f0b466514cbe3176a0,0,2,"2024-03-26 08:23:09",b9c229cd55121029b4634afeb24169d8c4ababad,"fun and educational !",0,,
94683cd7586e30b285c7acc43aa5036f32c295b7,2,5,"2024-03-19 18:54:10",4bb18ebc2397bb01c5a10e9aebfaa640b1c0f565,"I have a question I‚Äôm taking the combined contraceptive and I take it for 21 days and I have a 7 day free pill so that means I need to start a new pack on day 8 this last time I forgot and didn‚Äôt start my new pack until day 9 very late at night I‚Äôm I still protected?",0,,
dc72fb075ee5a2ecb036c960cf18a686a3e5a021,,1,"2024-10-05 16:13:59",d8d0575a836aea694b6721c7db456a7e17ecd41c,"No, if you've gone past the recommended days for your type of pill then you are no longer protected and are essentially starting them from the beginning.",1,94683cd7586e30b285c7acc43aa5036f32c295b7,4bb18ebc2397bb01c5a10e9aebfaa640b1c0f565
4e3efac68982e65ca240360d24f5f17beb1dd041,,0,"2025-03-05 07:11:07",2073e7e0dd511c6ab2a96b98937140bc72667f0c,Hii,1,94683cd7586e30b285c7acc43aa5036f32c295b7,4bb18ebc2397bb01c5a10e9aebfaa640b1c0f565
3bd715e277c6b625a83645c79e1c30d3c3ecc78e,0,0,"2024-03-08 03:17:03",f352d5f885e13a08548511d9338a5f36a62cf165,"Hello po pwede ko po ba isali to sa gagawin naming presentation please po ito pa lng po kasi nahahanap ko na video na maayus at madali ma intindihan",0,,
f8fc2238b889397c0fdf2a0948379a5163e69332,1,1,"2024-03-07 01:13:03",f475eeb39cced6fbbdba96f182b267612539b353,"Yes most ppl actually gain weight",0,,
18f7184b4d61420b456da38ca5a540b57c43a417,,1,"2024-10-05 16:25:58",d8d0575a836aea694b6721c7db456a7e17ecd41c,"""Most people"" probably gain the water weight, which then goes away. Otherwise no, no they don't. At least not directly because of the pill",1,f8fc2238b889397c0fdf2a0948379a5163e69332,f475eeb39cced6fbbdba96f182b267612539b353
a7dbdadabd2f7d6160fc669e7bdb1712e40a3bcb,0,4,"2024-02-29 14:02:52",7be940b68f5a727db8700f231f2bb95ab7cba456,"I love how they made the sperm the bad guys",0,,
d95253493838f62c5568791928ffc38748122a35,4,57,"2024-02-02 02:33:36",c5c47c351bc8e5471d7e7da8e5421b24713dfee4,"Acne is better than having depression.",0,,
5179c5dc075150711d54bd02f1953497453c9f12,,1,"2024-09-13 11:02:05",1f62f098e04056d84f20b1d99c684cb26a8e5200,wdym?,1,d95253493838f62c5568791928ffc38748122a35,c5c47c351bc8e5471d7e7da8e5421b24713dfee4
e7be8b558db1abb42806c6b129373f1bdeae5e27,,0,"2024-10-25 08:54:39",f08aae7c4616f959dc91356ca0ad5d10484908b0,"‚Äã@carliegottron Side effects of taking these pills is depression",1,d95253493838f62c5568791928ffc38748122a35,c5c47c351bc8e5471d7e7da8e5421b24713dfee4
300e8e0c0d42f12eff1288e6fc82f24387b31b18,,4,"2024-10-29 09:49:29",e95145ca3fbb35a8f6fbaf300e08b83db48432dd,"No depression is better than this worst acne i got scars just i touch them while washing face and nothing! I got scars now they are taking too long to goüò¢",1,d95253493838f62c5568791928ffc38748122a35,c5c47c351bc8e5471d7e7da8e5421b24713dfee4
b5b4c0e0579574c5b3111ce2794808c11f60caaf,,0,"2024-11-05 05:19:00",989df610022a48c2e8ee508cf546312ab0597ef8,"‚Äã@AfaqAnaacne is better..........",1,d95253493838f62c5568791928ffc38748122a35,c5c47c351bc8e5471d7e7da8e5421b24713dfee4
78445cfdc8877ece3b5743a2edded0997557dab0,1,1,"2023-12-26 19:28:15",985e923b9e2f0d91584a8b313084a2df9bfbe292,"For how many days should i take pills if i we do sex for only one week or two weeks and stop caude it's distance relationship? Should i take it till two months or just for a month and stop as I'm not having sex the other weeks",0,,
46052be2f03fae07b5a990ec074cebbcefca8dd4,,0,"2024-10-05 16:21:35",d8d0575a836aea694b6721c7db456a7e17ecd41c,"I'm in the same situation. Every time my partner and I are visiting each other I go on the pill about a month or 2 before we're together. Once he leaves I stop.",1,78445cfdc8877ece3b5743a2edded0997557dab0,985e923b9e2f0d91584a8b313084a2df9bfbe292
bbf4b916010c84a3754c0141ba54e8232f5f219f,0,7,"2023-12-08 15:35:11",9940d9569171dd4a1b0b7f5ad33dddac0caa28ac,"Wow, the video is well interpreted. I love it. ‚ù§",0,,
c6ccad3820c6ad3e507b33df7410535c5471db4a,1,5,"2023-11-24 12:09:24",e56cf8cea0a8669c8e825f027363048a2d656797,"Is there any problem with take I pill before I poop?",0,,
37e6664dfcb8dde94fdd5d367f039c377845d0a5,,2,"2024-10-05 16:18:16",d8d0575a836aea694b6721c7db456a7e17ecd41c,"No, but if you have diarrhoea or vomiting then it can be an issue.",1,c6ccad3820c6ad3e507b33df7410535c5471db4a,e56cf8cea0a8669c8e825f027363048a2d656797
44c62f56e7a826136912f78fc69474811b5126e7,2,0,"2023-10-31 10:13:38",49f307522bdb57c3c093d7ae82414ef311b53f07,"Is there a chance of pregnancy if I take the pill within 1 hour after having unprotected sex during ovulation?",0,,
3b3af071585b04e1f1a65ad9b4a8ef4dd4e1d3c2,,1,"2023-12-05 00:05:49",1cb2a77ed0076df8c02ea2a4acfffede7d50d0e6,"I feel like you would, because there‚Äôs already an egg present",1,44c62f56e7a826136912f78fc69474811b5126e7,49f307522bdb57c3c093d7ae82414ef311b53f07
d34e440033622fd758c632f9d806fb4834b5a8ed,,1,"2024-10-05 16:23:27",d8d0575a836aea694b6721c7db456a7e17ecd41c,"Yes, birth control pills only work if you have taken them for at least 7 days.",1,44c62f56e7a826136912f78fc69474811b5126e7,49f307522bdb57c3c093d7ae82414ef311b53f07
6d10a533dfcc87945eca1331887d1ef1763e8fea,2,5,"2023-10-16 12:07:52",92c0752db2ebc1af10cc7cbec6bea215b06430ff,"Guys im a newbie and I plan asking my doctor when I have the courage. So can I just take a birthcontrol after I have sexual relationships? Or Do I have to have this cycle wayyy before having sexual relationship?",0,,
c704c50601830968048b61b67c86772f2970fc88,,1,"2023-10-16 18:48:46",8b2c2de743604c2669bbceb4d71e10f21a8c89ab,"Hi there, it's best to start using birth control before beginning a sexual relationship. However, a person can begin using birth control at any time. It's important to remember to use additional barrier methods like condoms and dental dams.",1,6d10a533dfcc87945eca1331887d1ef1763e8fea,92c0752db2ebc1af10cc7cbec6bea215b06430ff
ed46a6f82fc44dd5cdb9e195a2dea37fef3fc8d1,,0,"2023-10-18 08:22:22",d3e8ae74e68c27dca13313e97c77e26e86162e4c,"I‚Äôm going to ask my doctor tomorrow wish me luck üò≠",1,6d10a533dfcc87945eca1331887d1ef1763e8fea,92c0752db2ebc1af10cc7cbec6bea215b06430ff
be5e467b0f174d8b9c0e27c660cac8b43a8bb62a,0,31,"2023-09-06 16:52:41",159b67694ee6222da5eeb18ecdfb7c4136388eee,"she asked a question and she got it right, but the doctor still told her wrong",0,,
87e7a2dcf51371a063f297e6ffbcd30bfd4fd32c,0,16,"2023-09-05 12:55:11",3667dd243efb1782cadf5c1dc20ce410faa41211,"Ive thought about taking the borth control pill. But i heard about estrogen dominance and am concerned that the pill could stop me from losing more weight and ruining my efforts.",0,,
3219ffca5f9e99887736cca4f2797b97fff45ca1,0,10,"2023-08-27 20:32:10",14172911d4965616bc78488228b8c003c0ed6df9,"its really not cool to mess with , especially the endocrine and nervous systems , but the animations are super cool !",0,,
14dff9f1f06a6a881be66b7d53d2353126cf1e36,0,11,"2023-08-25 01:51:05",5af30c6090194a498891f81565a0c4c3e4042216,"That was so racist why was there hiphop beat with the STDs smh ü§¶üèΩ‚Äç‚ôÇÔ∏è",0,,
f81e9e4b72b70c7384902eb4399a3e87fd291a65,0,1,"2023-07-31 07:32:53",67f9dc854dbee434d20ba9c00b70097e5ae39bcb,"Whats that yogurt made out of???",0,,
ebc5e93d66d5aa36e1099c588336c074257f3577,1,10,"2023-07-22 03:59:29",6a790f80016e134f6765eea4ebcfbdc140bcbb98,"Hi so I have a very important question. So I am on a progesterone only pill. So i was spotting for 2 weeks before i started what i think was my period today. But when it started today it only lasted for today (for now) Is it normal to only have 1 day periods on birth control??",0,,
e1c605f743e656dda6625ec26d3a256fde1f16dc,,1,"2023-08-28 00:01:16",e9b6e26880e854da4a0baa3bd02c4d3a78876bfd,"Mhm. I've gotten my period when I was 11 (lmao) and my flow was heavy plus my periods lasted for a week, after I started taking BC (I was 14) They lasted for about 3 days and my flow was less heavy but if your not sure make sure to see a doctor ‚ù§‚ù§",1,ebc5e93d66d5aa36e1099c588336c074257f3577,6a790f80016e134f6765eea4ebcfbdc140bcbb98
364fd1a273d92b43182e0635642e9595e1230c6e,3,11,"2023-07-20 07:59:00",14194264ebb919f3977065e458335d081092bf16,"I've a question i took the pill on the first day of my period 3 days ago for the first time and had unprotected swx on the day 3,is the pill effective? am i protected against pregnancy?",0,,
f9181bcbff51b4396a30268bf93a43eafcf59257,,1,"2023-08-21 10:12:10",b30561ada3c452b522eabbce6d67284e82b74976,"Depends on ur age",1,364fd1a273d92b43182e0635642e9595e1230c6e,14194264ebb919f3977065e458335d081092bf16
224cefd7561dddef3e7081585c467e8e7134b584,,1,"2024-06-25 11:09:35",0626be2eb818fca437ffd244e5258dcc4d32096f,"Did you get preggy?üò≠",1,364fd1a273d92b43182e0635642e9595e1230c6e,14194264ebb919f3977065e458335d081092bf16
fcbaf99a2924dcd5c2fb6ff45691bcdad0588207,,0,"2024-11-02 16:28:20",69ac48abd8f2ea466282e0126ca018f34b3d3e00,"What happened",1,364fd1a273d92b43182e0635642e9595e1230c6e,14194264ebb919f3977065e458335d081092bf16
c6c5e600ee17cb00c822c5e6894a631f108b20d1,0,6,"2023-07-04 16:20:15",da199281aa02ccffcd074c00cee2b48411af6bfa,"It doesn't increase weight. Believe meüòä",0,,
71d109a6fa9110adc268023f5f229cbbd411a7ef,1,11,"2023-06-27 17:30:26",164b46234fe8f44e73d2bb907341da572e56559c,"Idk why i searched up birth control pills",0,,
c96e4be932efd4da2da0ef0e1a593ed7d3314c12,,0,"2024-02-27 07:52:25",355a8c9134b35547cbc36ada1dc633fcfd5b561e,Fr,1,71d109a6fa9110adc268023f5f229cbbd411a7ef,164b46234fe8f44e73d2bb907341da572e56559c
6fc1b45a06b41886e1637a885a348899ba19b9db,1,5,"2023-06-23 07:21:10",42612ff3123dc373dcafe1e2b9d38bb698a94b36,"do you have to take the 21 pack after doing it just once? or once your on the pill, can you do it as many times until it runs out?",0,,
ca2c907c7914e5c8940eab36b45693a0b0ae7fba,,9,"2023-06-26 19:16:15",8b2c2de743604c2669bbceb4d71e10f21a8c89ab,"The birth control pill works by taking one pill once a day at the same time. If you have the 21-day birth control pack, you will take a pill once a day for 21 days.",1,6fc1b45a06b41886e1637a885a348899ba19b9db,42612ff3123dc373dcafe1e2b9d38bb698a94b36
25562c745e272ecd0ccc7c779d4668ea10d71784,1,0,"2023-06-09 03:03:57",63c5aa6e32dc37421df51db5d09bf224d6940d96,"what if you take the birth control late once does it still work or do you have a start over with a new pack",0,,
f528c8a34100d1bef17e4ccf7d52ad4ffb0164b1,,0,"2023-06-09 12:32:29",8b2c2de743604c2669bbceb4d71e10f21a8c89ab,"Hi, the birth control pill will still work and you do not need to start a new pack. You can also set a daily reminder to take the birth control at the same time everyday!",1,25562c745e272ecd0ccc7c779d4668ea10d71784,63c5aa6e32dc37421df51db5d09bf224d6940d96
40160268e1c4dd63bada9b417a3e929bea0fab3d,1,2,"2023-06-04 12:09:52",184873f83b03090f0d315fb0bfb7f6fe719132b9,"do i have to take it for the whole year afyer finishing the first pack? or rhe first pack alone is enough to stop pregnancy",0,,
db58f628ddd55d245fe74551b8b78f6cb31a8a2c,,2,"2023-06-09 12:45:45",8b2c2de743604c2669bbceb4d71e10f21a8c89ab,"Hi, in order for birth control to be effective, you have to take the pill daily.",1,40160268e1c4dd63bada9b417a3e929bea0fab3d,184873f83b03090f0d315fb0bfb7f6fe719132b9
d55cc9927c711f1e814a35b1776d87a5a7437cfb,5,3,"2023-06-04 02:48:26",4246efcdfe8972e83f9d7ac77fd2313f077fbddc,"so even if he ejaculate in me and I‚Äôm on birth control pill, I‚Äôm still safe?",0,,
35b8bc42b5c3e0c233e7baf586a46a82f39d8c67,,4,"2023-10-11 17:57:24",764bda4fc4dded9dd83c78846ed80ebe3fc75b7b,"You can just close your legs it‚Äôs that simple",1,d55cc9927c711f1e814a35b1776d87a5a7437cfb,4246efcdfe8972e83f9d7ac77fd2313f077fbddc
bdc6a9255250b64c2b62fe220cddeb00402b3770,,0,"2023-10-15 23:38:13",c54888a03454ac9bb875363a11fcb1b8fc2ca280,@robbysalmon8902Wow,1,d55cc9927c711f1e814a35b1776d87a5a7437cfb,4246efcdfe8972e83f9d7ac77fd2313f077fbddc
9ddee60530c85fa6b2611199371ce8751f8beb83,,1,"2024-01-02 22:46:57",002dd073eea3d19e548ab6a06d21fac94ae0c9e5,"‚Äã@robbysalmon8902All these comments are from women sweating looking for answers on the internet after just having unprotected sexüòÇüòÇüòÇ",1,d55cc9927c711f1e814a35b1776d87a5a7437cfb,4246efcdfe8972e83f9d7ac77fd2313f077fbddc
ba25af03ceeefc6c8851b7a93a90426b1c755efa,,1,"2024-10-05 16:20:16",d8d0575a836aea694b6721c7db456a7e17ecd41c,"You're safe, yes. But remember no contraceptive is 100% safe, so there is always a chance but it's a very small chance while on birth control.",1,d55cc9927c711f1e814a35b1776d87a5a7437cfb,4246efcdfe8972e83f9d7ac77fd2313f077fbddc
9c747d931ab878169597f4cf283ff11f9f9a7f59,,0,"2025-03-27 17:08:23",066b6bb7855eb2432f2a9809664790ec466d0334,"@robbysalmon8902 best option",1,d55cc9927c711f1e814a35b1776d87a5a7437cfb,4246efcdfe8972e83f9d7ac77fd2313f077fbddc
bae0e6c95f5c61e767650d6aa4f658b708d927a9,2,6,"2023-05-29 23:29:35",c534499456444ad345a356477a8a1bfcc0b07a11,"hey, I have a question about birth control. You say that you have to take it every day and at the same time. What if I'm like 10 minutes late or 30 minutes late? it's not gonna work anymore? or what?",0,,
8fc7823e4490d4baff3efc5ae7cc9fcd0a9e6419,,1,"2023-05-30 14:00:48",8b2c2de743604c2669bbceb4d71e10f21a8c89ab,"Hi, yes the pill will still work. Setting a daily alarm a few minutes before your normal time is a great way to take it on time!",1,bae0e6c95f5c61e767650d6aa4f658b708d927a9,c534499456444ad345a356477a8a1bfcc0b07a11
b42ca305e6e672c1fe6e05c3f65f14865ada8354,,3,"2023-08-28 00:06:47",e9b6e26880e854da4a0baa3bd02c4d3a78876bfd,"Basically taking it on time makes it more effective",1,bae0e6c95f5c61e767650d6aa4f658b708d927a9,c534499456444ad345a356477a8a1bfcc0b07a11
d5712e7b143214de4c46057d8ac94f9f0167196e,1,1,"2023-05-27 21:04:25",54c4e9347be5650233de24733c7a281bab048e1b,"Hi there, For 2 weeks I did not use a condom, and she took the pill, is that okay? And also at the last day of the pill, I did not use a condom is that also okay?",0,,
4e20535a8d902f573a4dfd595de39f44f093bfbf,,0,"2023-05-30 14:07:00",8b2c2de743604c2669bbceb4d71e10f21a8c89ab,"Hi, using birth control pills and condoms together is the most effective method of preventing pregnancy and STIs. Although the chances of pregnancy may be lowered, there's still a chance of STI transmission.",1,d5712e7b143214de4c46057d8ac94f9f0167196e,54c4e9347be5650233de24733c7a281bab048e1b
55a4b3130bb1be0390232e7be61ba333fb4d4290,0,4,"2023-05-25 02:55:57",cca077581336f5ccf127f231659dfed94d62a585,"is i pill works if we take in just 5 hours after unprotected sex",0,,
20a2564b4fc53e7caacb38085b611406ea72df8b,0,0,"2023-05-25 01:24:15",722d88b2fcb2fb539eb36f0f2d2b0dfeecc64360,AWEE,0,,
5bb0daad8a9846fbdee1a0e7be0b2178a026e657,1,3,"2023-05-11 08:49:26",a4920105a9b2bc1ffa5d62519995b60c5453e66f,"Am i safe when i took it 15 minutes earlier than may usual time?",0,,
b41182a3e2aa6979acc5c46d48339ca746c54e2a,,2,"2023-05-11 19:41:37",8b2c2de743604c2669bbceb4d71e10f21a8c89ab,"Yes, birth control will still be effective if taken a few minutes before your normal time. Taking birth control early is better than taking it late or not taking it at all.",1,5bb0daad8a9846fbdee1a0e7be0b2178a026e657,a4920105a9b2bc1ffa5d62519995b60c5453e66f
c13f6b6a4c49417a5d69dc05ca26d40f6c7d7259,0,0,"2023-05-09 00:39:50",83e72ce0efdc9d2cf3b47a45bfdb06fe2730e56a,"Raise your hand if you still got pregnant üòÜ",0,,
96792c559d3b6ab635197b51c2839fdbef7f0260,3,429,"2023-05-06 12:36:58",9e51becf58ffaf1153acd1011cf4f7273776de96,"Creative video but I'm dissapointed that other side effects weren't at all addressed. It's vital to be aware of the fact that the hormones used in birth control really can mess with your mind and body, potentially causing side effects like depression, lowered sex drive, acne, and more. That's not to say people should be afraid to take it, because using at least one reliable contraception is essential. They just have to be ready to experiment, and know what pills work and what pills don't work for them by watching out for all sorts of changes in themselves.",0,,
b04a581e7dea3a6d3dcdb3f17cc49cc2765e6f70,,5,"2023-08-28 00:04:53",e9b6e26880e854da4a0baa3bd02c4d3a78876bfd,"Mhm. Totally agree I'm on it and I get head aches sometimes but that's why we have doctors. We gotta make sure to tell people to check in with them if the affects last for to long (or hurt to much) so they can switch them out.",1,96792c559d3b6ab635197b51c2839fdbef7f0260,9e51becf58ffaf1153acd1011cf4f7273776de96
2180e06b075f37d46dd7984459c9971ab9604623,,5,"2023-09-14 01:45:37",b1dfd9974bd6f1c4b7d5abdcad63b02d09f646df,"U talk too much. Its your own problem if you want to be depressed or have a low sex drive.",1,96792c559d3b6ab635197b51c2839fdbef7f0260,9e51becf58ffaf1153acd1011cf4f7273776de96
982e44b2b52bf8e386f98602ddec9e56a63d32bd,,10,"2023-09-27 05:34:25",3f15e97e627601b90d066ce1e3d645b3700a70ed,"This is so true, ever since I started to drink pills I feel I'm no longer interested in intimacy, also I feel so dry down here and it's so painful.",1,96792c559d3b6ab635197b51c2839fdbef7f0260,9e51becf58ffaf1153acd1011cf4f7273776de96
303af0a2d819c6109173c417f83432e3d33898a9,1,3,"2023-04-16 07:21:33",2ef9e5babd9dce3a684b574f60e6eb0200260ace,"So cute and adorable way to teach",0,,
f661a1fa70d9a60624d8b0ed6944e0002e2fa947,,0,"2023-04-17 18:47:53",8b2c2de743604c2669bbceb4d71e10f21a8c89ab,"Thank you!",1,303af0a2d819c6109173c417f83432e3d33898a9,2ef9e5babd9dce3a684b574f60e6eb0200260ace
fc528f4e0fa6ad96ab6e8e495f4ea892fdbcecbf,0,0,"2023-04-14 04:01:17",496f07e192ff59687b14199c1c4a953fbdaae7db,"I'm taking pills ...even we s*x at morning it's still effective im taking already 16 pills ... 8pm is my schedule",0,,
b36beaed984394d8c89e0b1136f83e2df6d1d048,0,0,"2023-03-27 06:37:02",5f56c6324139f512b42b757b66c466954a94969e,"Man I need to grow up I‚Äôm really laughing at the fact that she went and had sex & got jizzed in right after popping it üòÇ",0,,
ce7c49d07923d902993c1e651f3235607cb98124,1,2,"2023-03-25 00:34:13",02c53dd77a71dc290d4f2c4c045cc2d3c32d2eaa,"I started my pill 5 or 6 days before ovulation.. will i be protected on the 7th day?",0,,
6e8134c93411b45e12cbf448c718032e972d322e,,1,"2023-03-27 19:34:36",8b2c2de743604c2669bbceb4d71e10f21a8c89ab,"Hi, depending on the type of birth control pill it typically takes about 7 days to protect from pregnancy. Using condoms with birth control pills decreases the chances of pregnancy.",1,ce7c49d07923d902993c1e651f3235607cb98124,02c53dd77a71dc290d4f2c4c045cc2d3c32d2eaa
0599314227dbf6c93f309895389d53c9403bbc3d,0,2,"2023-03-02 22:27:38",9fea01f870b6c91a1dad6c29041e8154b7233fc1,"I need pregnancy ü§∞üèª",0,,
712979e732a4213494e24ae8b43f34d980e05312,2,0,"2023-03-02 17:56:41",a738eaa66a2cdaf5747a9d42351c70e63eb9b748,"Same time each day is mandatory?",0,,
6c36b11b9aa4ccc3e97f5485c55da7b536b5e575,,1,"2023-03-02 19:29:54",8b2c2de743604c2669bbceb4d71e10f21a8c89ab,"Yep! Same time every day for the the pill to be effective.",1,712979e732a4213494e24ae8b43f34d980e05312,a738eaa66a2cdaf5747a9d42351c70e63eb9b748
a12b477ba753ba243ef0187dc4599e44d309af82,,0,"2023-03-12 19:15:16",627f7dd83ea2cd44aeec3f810977345265dc3336,"@amazeorg can it be a couple minutes late",1,712979e732a4213494e24ae8b43f34d980e05312,a738eaa66a2cdaf5747a9d42351c70e63eb9b748
b4b6ec791e68d1ad1d49868feab21c6486365529,1,0,"2023-02-21 17:25:03",facec0e553bd595cd9576ba4eb32cf9870f58495,"Hi doc my partner take a pill about 20 days now and i ejaculate inside her is there a possibility that she's going to get pregnant?",0,,
a1850394481a40b099c68fed0f6bc81b281b40b5,,0,"2023-03-10 21:54:29",6d4c1778c4aea03f4bd0f6d4aaeb07266e150586,"Googled it for ya bud. ""When taken correctly, the pill is over 99% effective at preventing pregnancy. This means that fewer than 1 in 100 who use the combined pill as contraception will get pregnant in 1 year.""",1,b4b6ec791e68d1ad1d49868feab21c6486365529,facec0e553bd595cd9576ba4eb32cf9870f58495
eca49108a0cb5aa3a8a26d19263f562621b4edd0,1,0,"2023-02-16 08:19:49",4a6b47c24ec18e6628108e8bfb0f4bd25d698e90,"is it safe for a virgin to take birth control pills to know which brand is best suited for their body?",0,,
2758abd8b672ba62218a606a4627233ae5680761,,0,"2023-05-26 14:42:34",75b58306551d4f68b6a16b2542fd2a10b67f7367,"Birth controll pilss are not choclate. .. dear u can taste",1,eca49108a0cb5aa3a8a26d19263f562621b4edd0,4a6b47c24ec18e6628108e8bfb0f4bd25d698e90
a4b3a6d2a6d9a07fe07160720980abdb0e781d44,5,14,"2023-01-25 13:20:06",e1b1b2f3e21cad1c697109693180d3f391e9ad1a,"Does it work if you take a pill before doing it? Or you have to take them before same days at same time for 5 - 6 days, before doing it",0,,
fa945c434047b54eb089638ffd346fe504fe5a41,,12,"2023-02-01 21:24:40",8b2c2de743604c2669bbceb4d71e10f21a8c89ab,"Hi, birth control pills work the best when the pills are taken every day at the same time.",1,a4b3a6d2a6d9a07fe07160720980abdb0e781d44,e1b1b2f3e21cad1c697109693180d3f391e9ad1a
cc6819f681a9ab9948e7e4dffa9d0b60623d1a10,,2,"2023-09-08 10:00:10",ec03ba272583020b59595ecda5467474706255ab,"You have to start 7 days before doing it",1,a4b3a6d2a6d9a07fe07160720980abdb0e781d44,e1b1b2f3e21cad1c697109693180d3f391e9ad1a
01dca414b834c4ab23f618883d31d54cc4c18611,,0,"2023-12-20 14:37:16",0dd1b88ae4c1b7210a3821d192c7e6f3a07ab6c2,"Is it still 7 days every new tab even if you're continuously using it?",1,a4b3a6d2a6d9a07fe07160720980abdb0e781d44,e1b1b2f3e21cad1c697109693180d3f391e9ad1a
95c6753ce9ac7f32931f47c58b0345b5f8e65e5b,,0,"2024-03-24 16:12:50",16a43a65c40a1aafbab105136a6373fee5fcedbb,"@froshshierlannadlawan1119yes same time every7 days, if you just stared birth control you need other protection if your going to have sex",1,a4b3a6d2a6d9a07fe07160720980abdb0e781d44,e1b1b2f3e21cad1c697109693180d3f391e9ad1a
d78e7389fe72c0c1c6d344dbcdb8a25ac6152422,,0,"2025-01-01 09:20:54",a02bad0ccfcbec13e8e9c00e6a9957316b81fdf5,"Same question Is it still 7 days every new tab even if you were continuously using it?",1,a4b3a6d2a6d9a07fe07160720980abdb0e781d44,e1b1b2f3e21cad1c697109693180d3f391e9ad1a
731ff9e8905054a65ed906fdb82777df4095840e,1,4,"2023-01-17 11:55:51",a6fe11335213ce4a1eae0c8da0c88c9fc8414388,"I have a question...does it work if you only take one pill?",0,,
5aaed4b3d6f336579b269958d6b100e7d7f22593,,1,"2023-01-17 14:27:11",8b2c2de743604c2669bbceb4d71e10f21a8c89ab,"Hi there, birth control pills should be taken every day at the same to make sure they are effective.",1,731ff9e8905054a65ed906fdb82777df4095840e,a6fe11335213ce4a1eae0c8da0c88c9fc8414388
2508ed109dbb1cda16ea92df62ec3713ba2a3e35,4,9,"2023-01-17 11:25:31",e11c69b424f956d851b84accde26459487d5df53,"can you just be on birth control and not use a condom! Isn‚Äôt that OK? Somebody told me when I was a kid at some point. But the point of the condoms is to stop the sperm. The point of the birth control is to stop the ovulation. But if I‚Äôm using condoms on top of birth control, doesn‚Äôt that just mean I am just trying not to get an STD? ty answer soon",0,,
fb915b0b4c412022e33c3d7ad36c524d8e278efb,,9,"2023-01-17 14:31:05",8b2c2de743604c2669bbceb4d71e10f21a8c89ab,"Hi there, birth control helps prevent the chances of pregnancy but it does not protect people from the spread of sexually transmitted infections (STIs). Condoms protect people from the spread of STIs and chances of pregnancy. When birth control and condoms are used together, the chances of pregnancy and STI transmission are low. It's always best to use both!",1,2508ed109dbb1cda16ea92df62ec3713ba2a3e35,e11c69b424f956d851b84accde26459487d5df53
773f4b5986c825c6137564cf4b54b12970a8c8fd,,0,"2023-05-04 22:45:00",56592a17f1c3385ea4038effe5ec7e2d5b85234b,"I stop take the family planning for 1 year and I can't get pregnant again",1,2508ed109dbb1cda16ea92df62ec3713ba2a3e35,e11c69b424f956d851b84accde26459487d5df53
3192c5884e3f6a013c8978906e65c042f8fbe184,,0,"2023-07-18 19:40:20",a192285908c8b34ab08d51bc777272a683c9c6d4,"‚Äã@jodyannrobinson9529why you can't be pregnant, is that because of the bills you taked last year? Sorry for my bad English btw",1,2508ed109dbb1cda16ea92df62ec3713ba2a3e35,e11c69b424f956d851b84accde26459487d5df53
da42d1c61d5c191f910bfdd43bf09678d1234e4a,,0,"2023-11-13 09:31:34",e38c64b24012b04746e4d2f843351ae326eb5472,‚Äã@jodyannrobinson9529i,1,2508ed109dbb1cda16ea92df62ec3713ba2a3e35,e11c69b424f956d851b84accde26459487d5df53
a567da1cde8a4c88450ddf73550aa853d1390a8f,6,15,"2023-01-15 22:15:14",e1fe780c0e63ffa71e6454ffdbcc0ac8d7c6afd6,"I take birth control pills. It's so I don't have to worry about my period",0,,
ecdb2752f1de21bda592e4d45ee8172c67ade91d,,5,"2023-09-08 09:59:42",ec03ba272583020b59595ecda5467474706255ab,"Yeah exactly not just because of pregnancy",1,a567da1cde8a4c88450ddf73550aa853d1390a8f,e1fe780c0e63ffa71e6454ffdbcc0ac8d7c6afd6
06ce36c81d08e1183010e8c5e4fc4d4d1d14c750,,0,"2023-11-14 11:06:33",10521fbc4271f62f8d8f8114deb36d8e227715d1,"‚Äã@pastelpinksparrow9436would please tell . Can it can also have Missed periods",1,a567da1cde8a4c88450ddf73550aa853d1390a8f,e1fe780c0e63ffa71e6454ffdbcc0ac8d7c6afd6
aded244b96d3558802ccae44ca03528ac25a5604,,0,"2024-09-24 01:49:42",42eeb5d0c444f8a2d57f5fe0f650273d41ec9005,"So you don‚Äôt have them anymore? I got on bc 2 weeks ago",1,a567da1cde8a4c88450ddf73550aa853d1390a8f,e1fe780c0e63ffa71e6454ffdbcc0ac8d7c6afd6
5bce09557059bc20fd7356633c9285dbc2a47f70,,0,"2024-09-24 01:54:49",e1fe780c0e63ffa71e6454ffdbcc0ac8d7c6afd6,"@anon2218 not exactly. I still get periods, but they're delayed thanks to the birth control pills. For me, the periods get delayed for three months for three boxes of pills. I hope this information was useful and sorry if I got anything wrong!",1,a567da1cde8a4c88450ddf73550aa853d1390a8f,e1fe780c0e63ffa71e6454ffdbcc0ac8d7c6afd6
8367d690d0ef4e903256d96589ff6873b86410ac,,0,"2024-09-29 05:37:42",fa29015dfdc3c7865a8d0a06bd4dba28c7a1e6c5,"If you take pill so period stoped ?",1,a567da1cde8a4c88450ddf73550aa853d1390a8f,e1fe780c0e63ffa71e6454ffdbcc0ac8d7c6afd6
7032eb0b32b8d8e612f5bf484d675988ef87034b,,0,"2024-09-29 10:09:41",e1fe780c0e63ffa71e6454ffdbcc0ac8d7c6afd6,"@PragatiVyas-p5u for a little bit. It's usually to prevent instances of pregnancy (hence the name), but it's not a foolproof method of pregnancy prevention in the same way a condom is.",1,a567da1cde8a4c88450ddf73550aa853d1390a8f,e1fe780c0e63ffa71e6454ffdbcc0ac8d7c6afd6
b4ed474fdd553fa6bb212acff30f2b78b0df2350,0,1,"2023-01-12 13:00:20",182898a9d135e389e028080620ce01eba0d3a2a8,"I love this",0,,
fa53459c9598332a6abb10b5df37a1c6d2319061,0,0,"2022-12-09 19:48:30",ead5dde234dd888bd464b41d0858d0d1635fe963,"Can you make a video on bras?",0,,
293713dd9cbbb4e01930d078a37262eae3de513a,6,24,"2022-12-08 01:02:29",84637c8e30d77d10b0384329ecad0417d60755e8,"Also! I have one last question, what if I was an hour and 30 minutes late from taking the pill at that specific time. Does that change anything?! I'm I still safe",0,,
7cc136aa59812d07631f29ed2bcb9994cb879031,,1,"2023-03-12 19:19:07",627f7dd83ea2cd44aeec3f810977345265dc3336,"Did u get an answer",1,293713dd9cbbb4e01930d078a37262eae3de513a,84637c8e30d77d10b0384329ecad0417d60755e8
a172e192972255fb6a866665a0921e142237ec87,,14,"2023-03-19 18:11:20",b81d2362b2ced6a921a549e51e3956062a171ff0,"@naylala792 You‚Äôre fine. It just depends on if you didn‚Äôt take it at all, as long as you took it in 6 hours (I think) you should be fine ! But I know for a fact an hour & half is fine. I was like three hours late & I was still okay",1,293713dd9cbbb4e01930d078a37262eae3de513a,84637c8e30d77d10b0384329ecad0417d60755e8
073ec78d7ad554468c1afd83134adc07ab05410f,,0,"2023-05-27 15:09:06",cca077581336f5ccf127f231659dfed94d62a585,"‚Äã@kennedyburns219 can i ask u a question bro",1,293713dd9cbbb4e01930d078a37262eae3de513a,84637c8e30d77d10b0384329ecad0417d60755e8
e197ae903a87f5c8af6cc6669dc632c5611a7c8a,,0,"2023-05-27 15:09:37",cca077581336f5ccf127f231659dfed94d62a585,"‚Äã@kennedyburns219 is i pill works if pill is taken with in 5 hours of unprotected sex",1,293713dd9cbbb4e01930d078a37262eae3de513a,84637c8e30d77d10b0384329ecad0417d60755e8
9190d02968a75c86586fa1c0bd5ff8e0b175fc81,,0,"2023-05-27 15:11:46",b81d2362b2ced6a921a549e51e3956062a171ff0,"@rajat3 of course",1,293713dd9cbbb4e01930d078a37262eae3de513a,84637c8e30d77d10b0384329ecad0417d60755e8
0b6fe001c53a9863fb072978ef91f442f4de171f,,0,"2024-10-05 16:15:35",d8d0575a836aea694b6721c7db456a7e17ecd41c,"It depends entirely on the specific brand of drugs you have. You need to check with your GP and the info manual that came with your drugs. They're all different",1,293713dd9cbbb4e01930d078a37262eae3de513a,84637c8e30d77d10b0384329ecad0417d60755e8
331bda48bb703954ae9ea5438a2d9e89cf69028c,6,69,"2022-12-08 01:01:32",84637c8e30d77d10b0384329ecad0417d60755e8,"So if a condom broke and he sorta ejaculated inside me but not so much (I'm in birth control) does this mean I'm safe from a unwanted pregnancy bc of the pill I take every day?",0,,
7a84a8060466ec57dc6edd4dff272d09a8b62da7,,61,"2022-12-19 16:50:30",55065557fe68ab98ed2cbd5485ed565602933267,"yes! if you take the pill correctly (everyday at the same time) and didn‚Äôt suffer from vomit or diarrhoea in the next couple hours after you took it you‚Äôre pretty much safe :)",1,331bda48bb703954ae9ea5438a2d9e89cf69028c,84637c8e30d77d10b0384329ecad0417d60755e8
fb51b14b9f1c2ceead76323335c38cc9a9b14483,,9,"2023-08-28 00:02:33",e9b6e26880e854da4a0baa3bd02c4d3a78876bfd,"Make sure you take your pills everyday at the same time with some milk (or water) and you'll be fine my friend ‚ô•Ô∏è‚ô•Ô∏è",1,331bda48bb703954ae9ea5438a2d9e89cf69028c,84637c8e30d77d10b0384329ecad0417d60755e8
faa5b7a6d3d0ed953e08b70a89ac5b63ba1a0179,,0,"2023-09-15 16:47:00",f121dff2afc824ee37fe758d5336f8829c47ba82,"‚Äã@gameloftxboxone4682 we aren't pregnant bruh",1,331bda48bb703954ae9ea5438a2d9e89cf69028c,84637c8e30d77d10b0384329ecad0417d60755e8
5fe8d77caad6db2c3e8c4aa23a9669c7d8f11a9f,,10,"2023-12-20 04:51:01",b1de266ef6aff8e9f48f647fa14ba19a64c9444f,"Bruh simply don't have sezz.. Friendship is the best love and need not be physical... üòÖ",1,331bda48bb703954ae9ea5438a2d9e89cf69028c,84637c8e30d77d10b0384329ecad0417d60755e8
1494ccdd9831c7d83be7bbdfeb7b63212e3259b0,,0,"2024-01-14 03:44:11",60d272a06949120038077706ea2b875644c473d5,"@Aryan-uc5ooI have the best friendship with my bf the segzzzz it‚Äôs just a plusüòâ",1,331bda48bb703954ae9ea5438a2d9e89cf69028c,84637c8e30d77d10b0384329ecad0417d60755e8
1097ad9ddb2fa2015db98c02c29df696ff0ea4bd,,0,"2025-03-27 17:09:55",066b6bb7855eb2432f2a9809664790ec466d0334,"just keep your legs close for f**k sake if you don't want baby",1,331bda48bb703954ae9ea5438a2d9e89cf69028c,84637c8e30d77d10b0384329ecad0417d60755e8
aacc5130c6b8c58c3112327362e8a96d41d6d834,3,23,"2022-12-02 01:28:11",6ac3aaa15bb23ace0a11eeed8e629b5c81bb9a10,"Stupid question: what's the margin of error in terms of timing? Like, is there a window of time that it's still effective??",0,,
70895ea821b1993a6db496fe3177f4dd476c420b,,9,"2022-12-24 09:01:36",a32d07c3c4d47be50837e5521d706d6aadde05a5,"No more then 1-2 hrs",1,aacc5130c6b8c58c3112327362e8a96d41d6d834,6ac3aaa15bb23ace0a11eeed8e629b5c81bb9a10
d3cde06a3c6819131357408e196279d3afa5004e,,0,"2024-06-18 13:30:18",0ca0b753435309849d725797878ffe862b31230a,"I usually take mine in the morning but it‚Äôs no big deal if you occasionally miss it not on the right time",1,aacc5130c6b8c58c3112327362e8a96d41d6d834,6ac3aaa15bb23ace0a11eeed8e629b5c81bb9a10
234f42eea2c594d217b1671a8d0b42a502e75afe,,0,"2024-10-05 16:14:49",d8d0575a836aea694b6721c7db456a7e17ecd41c,"It depends on the brand and type of drug you're taking. Some have a window of 24 hours, some are even tighter with only 1-2 hours. Check with the instruction/info booklet that comes with the birth control, and ask your GP",1,aacc5130c6b8c58c3112327362e8a96d41d6d834,6ac3aaa15bb23ace0a11eeed8e629b5c81bb9a10
2344133d3a9176c8f5b1e77fb6cd7c4be17fda10,9,615,"2022-12-01 23:08:17",54cdcd61e5d656d15d595b3db9cf646f4c2476e1,"I'm a whole adult and love these videos. Thanks guys.",0,,
24e61fd7e0eb9b45e66ed23aa19b26e725ce527f,,24,"2022-12-05 18:33:12",8b2c2de743604c2669bbceb4d71e10f21a8c89ab,"Glad we can help!",1,2344133d3a9176c8f5b1e77fb6cd7c4be17fda10,54cdcd61e5d656d15d595b3db9cf646f4c2476e1
85413870adabc82262572290fc971854cd07fbdb,,13,"2024-01-19 03:12:59",401c2f7a74df9f93aa299ac9777ea5ce32fbba36,"bro sounds like 9 yrs old",1,2344133d3a9176c8f5b1e77fb6cd7c4be17fda10,54cdcd61e5d656d15d595b3db9cf646f4c2476e1
f3f9d7e1f7825fc43fd4c2b20324cd6724e6dd93,,1,"2024-04-11 17:15:02",c867340c19def990b66ee750df7288bbb7195d80,üòä,1,2344133d3a9176c8f5b1e77fb6cd7c4be17fda10,54cdcd61e5d656d15d595b3db9cf646f4c2476e1
81489f4ef6052fce4753b8c5e0afd526d7e0b226,,2,"2024-06-29 14:45:14",47065a3b49a6f982ee4a413f748cdd63d879f124,"Congratulations, you're austistic",1,2344133d3a9176c8f5b1e77fb6cd7c4be17fda10,54cdcd61e5d656d15d595b3db9cf646f4c2476e1
36c58185d06fd3ac16d31d4257a8657392e5b4d9,,0,"2024-06-29 15:04:57",54cdcd61e5d656d15d595b3db9cf646f4c2476e1,"@taotao19741 You mean be on something. I'm getting tested soon.",1,2344133d3a9176c8f5b1e77fb6cd7c4be17fda10,54cdcd61e5d656d15d595b3db9cf646f4c2476e1
87e86b54fe8e5477a91b2ae479c78712edab3703,,4,"2024-07-12 06:11:01",21a16e84437d1f2474249102c1dd0e7e6af04849,"As supposed to a half adult?",1,2344133d3a9176c8f5b1e77fb6cd7c4be17fda10,54cdcd61e5d656d15d595b3db9cf646f4c2476e1
6efd875bf6a01854c7b17f06f63162d92f51f83a,,2,"2024-09-05 02:47:08",42eeb5d0c444f8a2d57f5fe0f650273d41ec9005,"Same here",1,2344133d3a9176c8f5b1e77fb6cd7c4be17fda10,54cdcd61e5d656d15d595b3db9cf646f4c2476e1
6734d7b89a29197d07766789cfa24d2cfc240942,,1,"2024-10-09 11:51:57",63780f2cca609c1acfde77ddd5d5ed284e5281c1,"Me tooüòä",1,2344133d3a9176c8f5b1e77fb6cd7c4be17fda10,54cdcd61e5d656d15d595b3db9cf646f4c2476e1
0006749fb032e3517bc6ac1ce4f29052679a49e3,,1,"2025-06-20 21:24:44",aca359c340083b70a8c1a213395b777b8baf8488,"Me too",1,2344133d3a9176c8f5b1e77fb6cd7c4be17fda10,54cdcd61e5d656d15d595b3db9cf646f4c2476e1
d3e0787bec7505b2853556fffc9c986986de3c82,0,3,"2022-12-01 22:47:53",64252142e566818f38914a222a67e41153ad3aaf,"No contra sides? Sorry, not cool",0,,
b5ad09ed28a2977fec617d1139d06c2fcf0424ce,1,102,"2022-12-01 15:56:39",df3e7e2c568fbaed19c46e806ffc4f21cf4f99f0,"you guys always provide great information:] thank you!",0,,
b764b188a580c5fc663f2e72c851e5628aa7888f,,5,"2022-12-05 18:33:23",8b2c2de743604c2669bbceb4d71e10f21a8c89ab,üíú,1,b5ad09ed28a2977fec617d1139d06c2fcf0424ce,df3e7e2c568fbaed19c46e806ffc4f21cf4f99f0
d5d04f6affe73990c70c7f37e914e5ac48aa8268,0,23,"2022-12-01 15:21:18",7b8ff49d03192f49af9e7b3b4fcfb697559827f4,"great educational video :)",0,,
8d3e58c62b3402ca7b388ae942580eb3c60c4542,0,29,"2022-12-01 15:04:56",ca53411f5711f1c4fd248a74cea048e3163b69b4,"Great video! Thanks for the fact that I could learn something new!",0,,
